{
  "project_info": {
    "project_number": "1089818127456",
    "project_id": "fir-personal-demo",
    "storage_bucket": "fir-personal-demo.appspot.com"
  },
  "client": [
    {
      "client_info": {
        "mobilesdk_app_id": "1:1089818127456:android:6c2e6d4f27fda44c56e705",
        "android_client_info": {
          "package_name": "com.example.firebase_personal_demo"
        }
      },
      "oauth_client": [
        {
          "client_id": "1089818127456-6sfab96ketsdu5vvd0ji1n16nje546u3.apps.googleusercontent.com",
          "client_type": 3
        }
      ],
      "api_key": [
        {
          "current_key": "AIzaSyDH9U6sQahwIUVJy0s7MgSwzsBtHrTEMr4"
        }
      ],
      "services": {
        "appinvite_service": {
          "other_platform_oauth_client": [
            {
              "client_id": "1089818127456-6sfab96ketsdu5vvd0ji1n16nje546u3.apps.googleusercontent.com",
              "client_type": 3
            }
          ]
        }
      }
    }
  ],
  "configuration_version": "1"
}